{
    "bias": 1.0,
    "learningRate": 0.05,
    "momentum": 1.0,
    "topology": [
        3,
        2,
        2
    ],
    "weights": [
        [
            [
                0.0032933071535460987,
                0.003338454423938001
            ],
            [
                0.0020801521326965083,
                0.0021074445196189832
            ],
            [
                0.006084611255560957,
                0.006132417915039529
            ]
        ],
        [
            [
                -0.18506255072494138,
                -0.18428466977263158
            ],
            [
                -0.18512624677327244,
                -0.18431681344484
            ]
        ]
    ]
}
